config_id,source,is_real_measured,notes,amota,amotp,mAP,NDS,recall,mota,lat_e2e_ms,params_after_M,mem_peak_mb,prune_object,prune_rate__backbone,prune_criterion__backbone,q_bits__backbone,q_granularity__backbone,q_object__backbone,d_routing__backbone,prune_rate__encoder,prune_criterion__encoder,q_bits__encoder,q_granularity__encoder,q_object__encoder,d_routing__encoder,prune_rate__decoder,prune_criterion__decoder,q_bits__decoder,q_granularity__decoder,q_object__decoder,d_routing__decoder,prune_rate__heads,prune_criterion__heads,q_bits__heads,q_granularity__heads,q_object__heads,d_routing__heads,prune_rate__v2x_comm,prune_criterion__v2x_comm,q_bits__v2x_comm,q_granularity__v2x_comm,q_object__v2x_comm,d_routing__v2x_comm,d_runtime,d_pipelined,d_temporal_cache_int8,prune_rate__encoder_ffn,prune_rate__decoder_ffn,prune_rate__encoder_attn,prune_rate__decoder_attn,prune_rate__encoder_heads,prune_rate__decoder_heads,decoder_num_layers
all_fp32_pt,1.1_quant,True,all PyTorch FP32 baseline,0.338,,,,,,5640.0,,,none,0.0,none,FP32,none,none,GPU,0.0,none,FP32,none,none,GPU,0.0,none,FP32,none,none,GPU,0.0,none,FP32,none,none,GPU,0.0,none,FP32,none,none,GPU,pytorch_fp32,0,0,,,,,,,
bev_fp16_trt,1.1_quant,True,"BEV FP16 TRT, hookA",0.381,,,,,,90.0,,,none,0.0,none,FP32,none,none,GPU,0.0,none,FP16,per-tensor,W+A,GPU,0.0,none,FP32,none,none,GPU,0.0,none,FP32,none,none,GPU,0.0,none,FP32,none,none,GPU,trt_fp16,0,0,,,,,,,
all_fp16_trt,1.1_quant,True,"all FP16 TRT, hookA+B+C+D",0.37,,,,,,90.0,,,none,0.0,none,FP16,per-tensor,W+A,GPU,0.0,none,FP16,per-tensor,W+A,GPU,0.0,none,FP16,per-tensor,W+A,GPU,0.0,none,FP16,per-tensor,W+A,GPU,0.0,none,FP16,per-tensor,W+A,GPU,trt_fp16,0,0,,,,,,,
bev_int8_others_fp16,1.1_quant,True,"BEV INT8 + 其余 FP16, vanilla PTQ",0.364,,,,,,,,,none,0.0,none,FP16,per-tensor,W+A,GPU,0.0,none,INT8,per-tensor,W+A,GPU,0.0,none,FP16,per-tensor,W+A,GPU,0.0,none,FP16,per-tensor,W+A,GPU,0.0,none,FP16,per-tensor,W+A,GPU,trt_int8,0,0,,,,,,,
heads_int8,1.1_quant,True,下游头 INT8 修复后,0.341,,,,,,,,,none,0.0,none,FP32,none,none,GPU,0.0,none,FP32,none,none,GPU,0.0,none,FP32,none,none,GPU,0.0,none,INT8,none,none,GPU,0.0,none,FP32,none,none,GPU,trt_int8,0,0,,,,,,,
prune_baseline,1.2_prune,True,prune baseline FP32,0.3298,,0.0724,,,,,,,none,0.0,none,FP32,none,none,GPU,0.0,none,FP32,none,none,GPU,0.0,none,FP32,none,none,GPU,0.0,none,FP32,none,none,GPU,0.0,none,FP32,none,none,GPU,pytorch_fp32,0,0,,,,,,,
p1_ffn_20pct,1.2_prune,True,FFN 20% 零微调,0.3055,,0.0669,,,,,,,channel,0.0,none,FP32,none,none,GPU,0.19999999999999996,L1,FP32,none,none,GPU,0.19999999999999996,L1,FP32,none,none,GPU,0.0,none,FP32,none,none,GPU,0.0,none,FP32,none,none,GPU,pytorch_fp32,0,0,,,,,,,
p1_ffn_30pct,1.2_prune,True,FFN 30% 零微调,0.3189,,0.0648,,,,,,,channel,0.0,none,FP32,none,none,GPU,0.30000000000000004,L1,FP32,none,none,GPU,0.30000000000000004,L1,FP32,none,none,GPU,0.0,none,FP32,none,none,GPU,0.0,none,FP32,none,none,GPU,pytorch_fp32,0,0,,,,,,,
p1_ffn_40pct,1.2_prune,True,FFN 40% 零微调,0.2973,,0.0628,,,,,,,channel,0.0,none,FP32,none,none,GPU,0.4,L1,FP32,none,none,GPU,0.4,L1,FP32,none,none,GPU,0.0,none,FP32,none,none,GPU,0.0,none,FP32,none,none,GPU,pytorch_fp32,0,0,,,,,,,
p1_ffn_50pct,1.2_prune,True,FFN 50% 零微调,0.2668,,0.0595,,,,,,,channel,0.0,none,FP32,none,none,GPU,0.5,L1,FP32,none,none,GPU,0.5,L1,FP32,none,none,GPU,0.0,none,FP32,none,none,GPU,0.0,none,FP32,none,none,GPU,pytorch_fp32,0,0,,,,,,,
p1_ffn_60pct,1.2_prune,True,FFN 60% 零微调,0.2366,,0.0561,,,,,,,channel,0.0,none,FP32,none,none,GPU,0.6,L1,FP32,none,none,GPU,0.6,L1,FP32,none,none,GPU,0.0,none,FP32,none,none,GPU,0.0,none,FP32,none,none,GPU,pytorch_fp32,0,0,,,,,,,
p1_ffn_30pct_ft_q1,1.2_prune_ft,True,FFN 30% q=1 微调 3 epoch,0.3356,,,,,,,,,channel,0.0,none,FP32,none,none,GPU,0.30000000000000004,L1,FP32,none,none,GPU,0.30000000000000004,L1,FP32,none,none,GPU,0.0,none,FP32,none,none,GPU,0.0,none,FP32,none,none,GPU,pytorch_fp32,0,0,,,,,,,
p1_ffn_30pct_ft_q2,1.2_prune_ft,True,FFN 30% q=2 微调,0.3306,,,,,,,,,channel,0.0,none,FP32,none,none,GPU,0.30000000000000004,L1,FP32,none,none,GPU,0.30000000000000004,L1,FP32,none,none,GPU,0.0,none,FP32,none,none,GPU,0.0,none,FP32,none,none,GPU,pytorch_fp32,0,0,,,,,,,
p1_ffn_50pct_ft_q1,1.2_prune_ft,True,FFN 50% q=1 微调,0.2904,,,,,,,,,channel,0.0,none,FP32,none,none,GPU,0.5,L1,FP32,none,none,GPU,0.5,L1,FP32,none,none,GPU,0.0,none,FP32,none,none,GPU,0.0,none,FP32,none,none,GPU,pytorch_fp32,0,0,,,,,,,
p1_ffn_50pct_ft_q2,1.2_prune_ft,True,FFN 50% q=2 微调,0.3129,,,,,,,,,channel,0.0,none,FP32,none,none,GPU,0.5,L1,FP32,none,none,GPU,0.5,L1,FP32,none,none,GPU,0.0,none,FP32,none,none,GPU,0.0,none,FP32,none,none,GPU,pytorch_fp32,0,0,,,,,,,
p1_ffn_60pct_ft_q2,1.2_prune_ft,True,FFN 60% q=2 微调 (Pareto 最优 trade),0.3354,,,,,,,,,channel,0.0,none,FP32,none,none,GPU,0.6,L1,FP32,none,none,GPU,0.6,L1,FP32,none,none,GPU,0.0,none,FP32,none,none,GPU,0.0,none,FP32,none,none,GPU,pytorch_fp32,0,0,,,,,,,
p1_ffn_70pct_ft_q2,1.2_prune_ft,True,FFN 70% q=2 微调,0.3102,,,,,,,,,channel,0.0,none,FP32,none,none,GPU,0.7,L1,FP32,none,none,GPU,0.7,L1,FP32,none,none,GPU,0.0,none,FP32,none,none,GPU,0.0,none,FP32,none,none,GPU,pytorch_fp32,0,0,,,,,,,
p1_ffn_80pct_ft_q2,1.2_prune_ft,True,FFN 80% q=2 微调,0.3102,,,,,,,,,channel,0.0,none,FP32,none,none,GPU,0.8,L1,FP32,none,none,GPU,0.8,L1,FP32,none,none,GPU,0.0,none,FP32,none,none,GPU,0.0,none,FP32,none,none,GPU,pytorch_fp32,0,0,,,,,,,
d22_bound_ffn60_int8,1.2_joint,True,FFN 60% 绑定 + INT8 W+A,0.287,,0.071,,,,,,,channel,0.0,none,INT8,per-tensor,W+A,GPU,0.6,L1,INT8,per-tensor,W+A,GPU,0.6,L1,INT8,per-tensor,W+A,GPU,0.0,none,INT8,per-tensor,W+A,GPU,0.0,none,INT8,per-tensor,W+A,GPU,trt_int8,0,0,,,,,,,
d27_decouple_enc10_07_int8,1.2_joint,True,"解耦 enc=1.0 dec=0.7 + INT8 W+A,联合最优",0.36,,0.074,,,,,,,channel,0.0,none,INT8,per-tensor,W+A,GPU,0.0,none,INT8,per-tensor,W+A,GPU,0.30000000000000004,L1,INT8,per-tensor,W+A,GPU,0.0,none,INT8,per-tensor,W+A,GPU,0.0,none,INT8,per-tensor,W+A,GPU,trt_int8,0,0,,,,,,,
d14_decouple_enc10_07_fp32,1.2_pareto,True,"enc=1.0 dec=0.7 FP32, Track 最优",0.367,,0.073,,,,,,,channel,0.0,none,FP32,none,none,GPU,0.0,none,FP32,none,none,GPU,0.30000000000000004,L1,FP32,none,none,GPU,0.0,none,FP32,none,none,GPU,0.0,none,FP32,none,none,GPU,pytorch_fp32,0,0,,,,,,,
d12_decouple_enc08_03_fp32,1.2_pareto,True,"enc=0.8 dec=0.3 FP32, 多任务平衡",0.337,,0.07,,,,,,,channel,0.0,none,FP32,none,none,GPU,0.19999999999999996,L1,FP32,none,none,GPU,0.7,L1,FP32,none,none,GPU,0.0,none,FP32,none,none,GPU,0.0,none,FP32,none,none,GPU,pytorch_fp32,0,0,,,,,,,
v3_C1,plan_b_active,True,UniV2X plan_b_active 4090 联合搜索实测,0.2956,1.5324,0.0634,0.0593,0.3981,0.2921,508.601,98.263869,,channel,0.0,none,FP32,none,none,GPU,0.5,L1,FP32,none,none,GPU,0.25,L1,FP32,none,none,GPU,0.0,none,FP32,none,none,GPU,0.0,none,FP32,none,none,GPU,pytorch_fp32,0,0,0.5,0.25,0.0,0.0,0.0,0.0,6.0
v3_C2,plan_b_active,True,UniV2X plan_b_active 4090 联合搜索实测,0.2856,1.5481,0.0658,0.0602,0.4034,0.2807,526.991,97.869885,,channel,0.0,none,FP32,none,none,GPU,0.625,L1,FP32,none,none,GPU,0.25,L1,FP32,none,none,GPU,0.0,none,FP32,none,none,GPU,0.0,none,FP32,none,none,GPU,pytorch_fp32,0,0,0.625,0.25,0.0,0.0,0.0,0.0,6.0
v3_D1,plan_b_active,True,UniV2X plan_b_active 4090 联合搜索实测,0.2924,1.5997,0.0489,0.0546,0.391,0.3195,562.588,100.627773,,none,0.0,none,INT8,per-tensor,W-only,GPU,0.0,none,FP16,per-tensor,W-only,GPU,0.0,none,FP16,per-tensor,W-only,GPU,0.0,none,FP16,per-tensor,W-only,GPU,0.0,none,FP16,per-tensor,W-only,GPU,trt_int8,0,0,0.0,0.0,0.0,0.0,0.0,0.0,6.0
v3_D2,plan_b_active,True,UniV2X plan_b_active 4090 联合搜索实测,0.3111,1.5742,0.0476,0.0536,0.4091,0.3272,524.747,100.627773,,none,0.0,none,FP16,per-channel,W+A,GPU,0.0,none,INT8,per-channel,W+A,GPU,0.0,none,INT8,per-channel,W+A,GPU,0.0,none,FP16,per-channel,W+A,GPU,0.0,none,FP16,per-channel,W+A,GPU,trt_int8,0,0,0.0,0.0,0.0,0.0,0.0,0.0,6.0
v3_D3,plan_b_active,True,UniV2X plan_b_active 4090 联合搜索实测,0.302,1.5825,0.0484,0.0549,0.39,0.3259,521.844,100.627773,,none,0.0,none,INT8,per-tensor,W+A,GPU,0.0,none,INT8,per-tensor,W+A,GPU,0.0,none,FP16,per-tensor,W+A,GPU,0.0,none,INT8,per-tensor,W+A,GPU,0.0,none,FP16,per-tensor,W+A,GPU,trt_int8,0,0,0.0,0.0,0.0,0.0,0.0,0.0,6.0
v3_D4,plan_b_active,True,UniV2X plan_b_active 4090 联合搜索实测,0.3036,1.5845,0.0475,0.0538,0.3824,0.3229,525.382,100.627773,,none,0.0,none,INT8,per-channel,W+A,GPU,0.0,none,INT8,per-channel,W+A,GPU,0.0,none,INT8,per-channel,W+A,GPU,0.0,none,INT8,per-channel,W+A,GPU,0.0,none,INT8,per-channel,W+A,GPU,trt_int8,0,0,0.0,0.0,0.0,0.0,0.0,0.0,6.0
v3_D5,plan_b_active,True,UniV2X plan_b_active 4090 联合搜索实测,0.2903,1.6002,0.0485,0.0544,0.3957,0.3112,518.382,100.627773,,none,0.0,none,INT8,per-tensor,W-only,GPU,0.0,none,INT8,per-tensor,W-only,GPU,0.0,none,INT8,per-tensor,W-only,GPU,0.0,none,INT8,per-tensor,W-only,GPU,0.0,none,INT8,per-tensor,W-only,GPU,trt_int8,0,0,0.0,0.0,0.0,0.0,0.0,0.0,6.0
v3_E1,plan_b_active,True,UniV2X plan_b_active 4090 联合搜索实测,0.2961,1.5825,0.0475,0.0538,0.3874,0.3051,528.854,99.839805,,channel,0.0,none,INT8,per-tensor,W+A,GPU,0.25,L1,INT8,per-tensor,W+A,GPU,0.0,none,INT8,per-tensor,W+A,GPU,0.0,none,INT8,per-tensor,W+A,GPU,0.0,none,INT8,per-tensor,W+A,GPU,trt_int8,0,0,0.25,0.0,0.0,0.0,0.0,0.0,6.0
v3_E11,plan_b_active,True,UniV2X plan_b_active 4090 联合搜索实测,0.2526,1.6252,0.0431,0.0472,0.3499,0.2647,508.874,94.849341,,channel,0.0,none,FP16,per-tensor,W+A,GPU,0.5,L1,INT8,per-tensor,W+A,GPU,0.5,L1,INT8,per-tensor,W+A,GPU,0.0,none,INT8,per-tensor,W+A,GPU,0.0,none,INT8,per-tensor,W+A,GPU,trt_int8,0,0,0.5,0.5,0.0,0.0,0.0,0.0,6.0
v3_E12,plan_b_active,True,UniV2X plan_b_active 4090 联合搜索实测,0.2511,1.5926,0.0419,0.0475,0.3593,0.266,508.756,97.081917,,channel,0.0,none,INT8,per-tensor,W-only,GPU,0.625,L1,INT8,per-tensor,W-only,GPU,0.5,L1,INT8,per-tensor,W-only,GPU,0.0,none,INT8,per-tensor,W-only,GPU,0.0,none,INT8,per-tensor,W-only,GPU,trt_int8,0,0,0.625,0.5,0.0,0.0,0.0,0.0,6.0
v3_E2,plan_b_active,True,UniV2X plan_b_active 4090 联合搜索实测,0.2781,1.5778,0.0464,0.0517,0.3633,0.2998,545.712,99.051837,,channel,0.0,none,INT8,per-tensor,W+A,GPU,0.5,L1,INT8,per-tensor,W+A,GPU,0.0,none,INT8,per-tensor,W+A,GPU,0.0,none,INT8,per-tensor,W+A,GPU,0.0,none,INT8,per-tensor,W+A,GPU,trt_int8,0,0,0.5,0.0,0.0,0.0,0.0,0.0,6.0
v3_E3,plan_b_active,True,UniV2X plan_b_active 4090 联合搜索实测,0.2775,1.588,0.0471,0.0527,0.3757,0.3005,526.485,98.657853,,channel,0.0,none,INT8,per-tensor,W+A,GPU,0.625,L1,INT8,per-tensor,W+A,GPU,0.0,none,INT8,per-tensor,W+A,GPU,0.0,none,INT8,per-tensor,W+A,GPU,0.0,none,INT8,per-tensor,W+A,GPU,trt_int8,0,0,0.625,0.0,0.0,0.0,0.0,0.0,6.0
v3_E4,plan_b_active,True,UniV2X plan_b_active 4090 联合搜索实测,0.2976,1.5859,0.0468,0.0536,0.3951,0.3182,523.642,99.839805,,channel,0.0,none,FP16,per-channel,W+A,GPU,0.25,L1,FP16,per-channel,W+A,GPU,0.0,none,FP16,per-channel,W+A,GPU,0.0,none,FP16,per-channel,W+A,GPU,0.0,none,FP16,per-channel,W+A,GPU,trt_fp16,0,0,0.25,0.0,0.0,0.0,0.0,0.0,6.0
v3_E5,plan_b_active,True,UniV2X plan_b_active 4090 联合搜索实测,0.2794,1.5622,0.045,0.0524,0.3653,0.2834,520.317,99.051837,,channel,0.0,none,FP16,per-tensor,W-only,GPU,0.5,L1,FP16,per-tensor,W-only,GPU,0.0,none,FP16,per-tensor,W-only,GPU,0.0,none,FP16,per-tensor,W-only,GPU,0.0,none,FP16,per-tensor,W-only,GPU,trt_fp16,0,0,0.5,0.0,0.0,0.0,0.0,0.0,6.0
v3_E6,plan_b_active,True,UniV2X plan_b_active 4090 联合搜索实测,0.2582,1.6213,0.0463,0.0509,0.371,0.3045,540.186,98.263869,,channel,0.0,none,INT8,per-tensor,W+A,GPU,0.25,L1,INT8,per-tensor,W+A,GPU,0.5,L1,INT8,per-tensor,W+A,GPU,0.0,none,INT8,per-tensor,W+A,GPU,0.0,none,INT8,per-tensor,W+A,GPU,trt_int8,0,0,0.25,0.5,0.0,0.0,0.0,0.0,6.0
v3_E7,plan_b_active,True,UniV2X plan_b_active 4090 联合搜索实测,0.2679,1.5986,0.0443,0.048,0.3623,0.2831,513.014,94.849341,,channel,0.0,none,INT8,per-tensor,W+A,GPU,0.5,L1,INT8,per-tensor,W+A,GPU,0.5,L1,INT8,per-tensor,W+A,GPU,0.0,none,INT8,per-tensor,W+A,GPU,0.0,none,INT8,per-tensor,W+A,GPU,trt_int8,0,0,0.5,0.5,0.0,0.0,0.0,0.0,6.0
v3_E8,plan_b_active,True,UniV2X plan_b_active 4090 联合搜索实测,0.2453,1.6027,0.0448,0.0496,0.363,0.2761,518.019,94.849341,,channel,0.0,none,INT8,per-channel,W+A,GPU,0.5,L1,INT8,per-channel,W+A,GPU,0.5,L1,INT8,per-channel,W+A,GPU,0.0,none,INT8,per-channel,W+A,GPU,0.0,none,INT8,per-channel,W+A,GPU,trt_int8,0,0,0.5,0.5,0.0,0.0,0.0,0.0,6.0
v3_P1_20,1.2_P1_FFN,True,UniV2X plan_b_active 4090 联合搜索实测,0.3054703318882421,1.516682719308004,0.0668689682176859,0.0613722145776281,0.4141042780748662,0.2837566844919786,518.203,98.280285,,channel,0.0,none,FP32,none,none,GPU,0.2,L1,FP32,none,none,GPU,0.2,L1,FP32,none,none,GPU,0.0,none,FP32,none,none,GPU,0.0,none,FP32,none,none,GPU,pytorch_fp32,0,0,0.2,0.2,0.0,0.0,0.0,0.0,6.0
v3_P1_30,1.2_P1_FFN,True,UniV2X plan_b_active 4090 联合搜索实测,0.3189364455699283,1.525723813170029,0.0648456226363446,0.0596856025470897,0.4425133689839572,0.2934491978609626,527.67,97.057293,,channel,0.0,none,FP32,none,none,GPU,0.3,L1,FP32,none,none,GPU,0.3,L1,FP32,none,none,GPU,0.0,none,FP32,none,none,GPU,0.0,none,FP32,none,none,GPU,pytorch_fp32,0,0,0.3,0.3,0.0,0.0,0.0,0.0,6.0
v3_P1_40,1.2_P1_FFN,True,UniV2X plan_b_active 4090 联合搜索实测,0.2973091702724501,1.532220923347711,0.0627816132933385,0.058447786750836,0.3940508021390374,0.2667112299465241,534.377,95.932797,,channel,0.0,none,FP32,none,none,GPU,0.4,L1,FP32,none,none,GPU,0.4,L1,FP32,none,none,GPU,0.0,none,FP32,none,none,GPU,0.0,none,FP32,none,none,GPU,pytorch_fp32,0,0,0.4,0.4,0.0,0.0,0.0,0.0,6.0
v3_P1_50,1.2_P1_FFN,True,UniV2X plan_b_active 4090 联合搜索实测,0.2667773260459952,1.5715314338130963,0.0595431213112289,0.0566616752996505,0.3716577540106952,0.2506684491978609,517.092,94.849341,,channel,0.0,none,FP32,none,none,GPU,0.5,L1,FP32,none,none,GPU,0.5,L1,FP32,none,none,GPU,0.0,none,FP32,none,none,GPU,0.0,none,FP32,none,none,GPU,pytorch_fp32,0,0,0.5,0.5,0.0,0.0,0.0,0.0,6.0
v3_P1_60,1.2_P1_FFN,True,UniV2X plan_b_active 4090 联合搜索实测,0.2365640636432951,1.6215946355796027,0.0561168360128594,0.0560600583492135,0.2827540106951872,0.2245989304812834,502.5,93.626349,,channel,0.0,none,FP32,none,none,GPU,0.6,L1,FP32,none,none,GPU,0.6,L1,FP32,none,none,GPU,0.0,none,FP32,none,none,GPU,0.0,none,FP32,none,none,GPU,pytorch_fp32,0,0,0.6,0.6,0.0,0.0,0.0,0.0,6.0
v3_baseline,plan_b_active,True,UniV2X plan_b_active 4090 联合搜索实测,0.33,1.473,,,0.422,0.303,515.544,100.627773,,none,0.0,none,FP32,none,none,GPU,0.0,none,FP32,none,none,GPU,0.0,none,FP32,none,none,GPU,0.0,none,FP32,none,none,GPU,0.0,none,FP32,none,none,GPU,pytorch_fp32,0,0,0.0,0.0,0.0,0.0,0.0,0.0,6.0
d2_baseline_no_overlap,1.3_d,True,D2 流水未重叠 (baseline),,,,,,,585.6,,2476.0,none,0.0,none,FP32,none,none,GPU,0.0,none,FP32,none,none,GPU,0.0,none,FP32,none,none,GPU,0.0,none,FP32,none,none,GPU,0.0,none,FP32,none,none,GPU,pytorch_fp32,0,0,,,,,,,
d2_baseline_pipelined,1.3_d,True,D2 backbone-BEV 重叠 (理论稳态),,,,,,,125.0,,2475.0,none,0.0,none,FP32,none,none,GPU,0.0,none,FP32,none,none,GPU,0.0,none,FP32,none,none,GPU,0.0,none,FP32,none,none,GPU,0.0,none,FP32,none,none,GPU,pytorch_fp32,1,0,,,,,,,
d2_pruned_d14_enc10_dec07_pipelined,1.3_d,True,D2 backbone-BEV 重叠 (理论稳态),,,,,,,115.6,,2472.0,channel,0.0,none,FP32,none,none,GPU,0.0,L1,FP32,none,none,GPU,0.3,L1,FP32,none,none,GPU,0.0,none,FP32,none,none,GPU,0.0,none,FP32,none,none,GPU,pytorch_fp32,1,0,,,,,,,
d3_baseline_fp16_1frame,1.3_d,True,D3 时序缓存 fp16_1frame (),0.333,,0.074,,,,535.0,,2496.0,none,0.0,none,FP16,per-tensor,W+A,GPU,0.0,none,FP16,per-tensor,W+A,GPU,0.0,none,FP16,per-tensor,W+A,GPU,0.0,none,FP16,per-tensor,W+A,GPU,0.0,none,FP16,per-tensor,W+A,GPU,trt_fp16,0,0,,,,,,,
d3_baseline_int8_1frame,1.3_d,True,D3 时序缓存 int8_1frame (INT8缓存AMOTA≥FP16! 精度无损+显存-50%),0.339,,0.074,,,,530.0,,2487.0,none,0.0,none,INT8,per-tensor,W+A,GPU,0.0,none,INT8,per-tensor,W+A,GPU,0.0,none,INT8,per-tensor,W+A,GPU,0.0,none,INT8,per-tensor,W+A,GPU,0.0,none,INT8,per-tensor,W+A,GPU,trt_int8,0,1,,,,,,,
d3_baseline_fp16_0frame,1.3_d,True,"D3 时序缓存 fp16_0frame (AMOTA崩溃(-93.7%)! 无时序=tracker失效, 从搜索空间移除)",0.021,,0.028,,,,625.4,,2437.0,none,0.0,none,FP16,per-tensor,W+A,GPU,0.0,none,FP16,per-tensor,W+A,GPU,0.0,none,FP16,per-tensor,W+A,GPU,0.0,none,FP16,per-tensor,W+A,GPU,0.0,none,FP16,per-tensor,W+A,GPU,trt_fp16,0,0,,,,,,,
d3_baseline_fp16_2frame,1.3_d,True,D3 时序缓存 fp16_2frame (与1-frame完全相同! 2帧无收益),0.333,,0.074,,,,552.0,,2516.0,none,0.0,none,FP16,per-tensor,W+A,GPU,0.0,none,FP16,per-tensor,W+A,GPU,0.0,none,FP16,per-tensor,W+A,GPU,0.0,none,FP16,per-tensor,W+A,GPU,0.0,none,FP16,per-tensor,W+A,GPU,trt_fp16,0,0,,,,,,,
d3_baseline_int8_2frame,1.3_d,True,D3 时序缓存 int8_2frame (与1-frame完全相同! 2帧无收益),0.339,,0.074,,,,541.0,,2498.0,none,0.0,none,INT8,per-tensor,W+A,GPU,0.0,none,INT8,per-tensor,W+A,GPU,0.0,none,INT8,per-tensor,W+A,GPU,0.0,none,INT8,per-tensor,W+A,GPU,0.0,none,INT8,per-tensor,W+A,GPU,trt_int8,0,1,,,,,,,
d3_pruned60_coupling_int8_1frame,1.3_d,True,D3 时序缓存 int8_1frame (),0.32,,,,,,535.0,,2460.0,channel,0.0,none,INT8,per-tensor,W+A,GPU,0.6,L1,INT8,per-tensor,W+A,GPU,0.6,L1,INT8,per-tensor,W+A,GPU,0.0,none,INT8,per-tensor,W+A,GPU,0.0,none,INT8,per-tensor,W+A,GPU,trt_int8,0,1,,,,,,,
d3_pruned60_coupling_fp16_2frame,1.3_d,True,D3 时序缓存 fp16_2frame (),0.321,,,,,,510.0,,2489.0,channel,0.0,none,FP16,per-tensor,W+A,GPU,0.6,L1,FP16,per-tensor,W+A,GPU,0.6,L1,FP16,per-tensor,W+A,GPU,0.0,none,FP16,per-tensor,W+A,GPU,0.0,none,FP16,per-tensor,W+A,GPU,trt_fp16,0,0,,,,,,,
d4_baseline_dynamic,1.3_d,True,D4 内存策略 dynamic,,,,,,,526.1,,2476.0,none,0.0,none,FP32,none,none,GPU,0.0,none,FP32,none,none,GPU,0.0,none,FP32,none,none,GPU,0.0,none,FP32,none,none,GPU,0.0,none,FP32,none,none,GPU,pytorch_fp32,0,0,,,,,,,
d4_baseline_defrag,1.3_d,True,D4 内存策略 defrag,,,,,,,523.1,,2476.0,none,0.0,none,FP32,none,none,GPU,0.0,none,FP32,none,none,GPU,0.0,none,FP32,none,none,GPU,0.0,none,FP32,none,none,GPU,0.0,none,FP32,none,none,GPU,pytorch_fp32,0,0,,,,,,,
