config_id,model_class,source,is_pareto,est_lat_4090_pytorch_ms,est_params_M,est_orin_fp16_ms,est_orin_int8_ms,est_orin_fp16_uncertainty_ms,est_orin_int8_uncertainty_ms,amota_pending,nn_ids,nn_distances,prune_object,prune_rate__backbone,prune_criterion__backbone,q_bits__backbone,q_granularity__backbone,q_object__backbone,d_routing__backbone,prune_rate__encoder,prune_criterion__encoder,q_bits__encoder,q_granularity__encoder,q_object__encoder,d_routing__encoder,prune_rate__decoder,prune_criterion__decoder,q_bits__decoder,q_granularity__decoder,q_object__decoder,d_routing__decoder,prune_rate__heads,prune_criterion__heads,q_bits__heads,q_granularity__heads,q_object__heads,d_routing__heads,prune_rate__v2x_comm,prune_criterion__v2x_comm,q_bits__v2x_comm,q_granularity__v2x_comm,q_object__v2x_comm,d_routing__v2x_comm
m5_6_uniad_tiny_0000,uniad_tiny_variant,m5_6_uniad_tiny_pareto,True,520.2492419602759,98.74042072501985,493.5028376636913,483.3297541178585,24.04776381747555,18.994385655172554,TBD: M5.7 抽样实测 + 精度预测器 v5.1 代理,"v3_baseline,v3_P1_20,v3_P1_30","2.000,2.254,2.276",none,0.0,none,FP32,none,none,GPU,0.0,none,FP32,none,none,GPU,0.0,none,FP32,none,none,GPU,0.0,none,INT8,per-channel,W-only,GPU,0.0,none,FP32,none,none,GPU
m5_6_uniad_tiny_0001,uniad_tiny_variant,m5_6_uniad_tiny_pareto,False,538.780692453372,100.39764470417053,511.07804074540354,500.5515909774641,24.904353137959834,19.6709719700114,TBD: M5.7 抽样实测 + 精度预测器 v5.1 代理,"v3_D1,v3_D2,v3_E4","1.732,2.000,2.250",none,0.0,none,INT8,per-channel,W-only,GPU,0.0,none,FP16,per-tensor,W+A,GPU,0.0,none,INT8,per-tensor,W-only,GPU,0.0,none,FP32,none,none,GPU,0.0,none,FP32,none,none,GPU
m5_6_uniad_tiny_0002,uniad_tiny_variant,m5_6_uniad_tiny_pareto,False,537.8988146977871,100.3842951006156,510.2416690510548,499.7320353338054,24.86358962256809,19.638774467661985,TBD: M5.7 抽样实测 + 精度预测器 v5.1 代理,"v3_D1,v3_D3,v3_E4","2.000,2.449,2.462",none,0.0,none,INT8,per-channel,W+A,GPU,0.0,none,FP32,none,none,GPU,0.0,none,FP32,none,none,GPU,0.0,none,INT8,per-tensor,W-only,GPU,0.0,none,FP32,none,none,GPU
m5_6_uniad_tiny_0003,uniad_tiny_variant,m5_6_uniad_tiny_pareto,False,533.5517714904066,100.627773,506.118939035768,495.69219673795163,24.66265387884349,19.4800632029813,TBD: M5.7 抽样实测 + 精度预测器 v5.1 代理,"v3_D2,v3_D3,v3_D1","1.414,1.732,2.236",none,0.0,none,FP16,per-tensor,W-only,GPU,0.0,none,INT8,per-channel,W-only,GPU,0.0,none,INT8,per-tensor,W-only,GPU,0.0,none,INT8,per-channel,W-only,GPU,0.0,none,FP32,none,none,GPU
m5_6_uniad_tiny_0004,uniad_tiny_variant,m5_6_uniad_tiny_pareto,True,519.8224771760698,99.84619955547265,493.09809450808467,482.9331487094605,24.0280372366207,18.978804402493143,TBD: M5.7 抽样实测 + 精度预测器 v5.1 代理,"v3_baseline,v3_E4,v3_E5","2.236,2.250,2.291",none,0.0,none,FP32,none,none,GPU,0.0,none,FP32,none,none,GPU,0.0,none,FP16,per-tensor,W+A,GPU,0.0,none,INT8,per-channel,W+A,GPU,0.0,none,FP32,none,none,GPU
m5_6_uniad_tiny_0005,uniad_tiny_variant,m5_6_uniad_tiny_pareto,False,538.2257721721048,100.62777299999999,510.5517550862715,500.03588679350776,24.87870275582538,19.650711738991074,TBD: M5.7 抽样实测 + 精度预测器 v5.1 代理,"v3_D1,v3_D2,v3_D3","1.732,2.000,2.236",none,0.0,none,INT8,per-tensor,W-only,GPU,0.0,none,INT8,per-tensor,W+A,GPU,0.0,none,FP16,per-tensor,W+A,GPU,0.0,none,FP32,none,none,GPU,0.0,none,FP32,none,none,GPU
m5_6_uniad_tiny_0006,uniad_tiny_variant,m5_6_uniad_tiny_pareto,False,523.5729794224147,100.39782716121294,496.655065866721,486.41860376610595,24.201398742881004,19.115735858268536,TBD: M5.7 抽样实测 + 精度预测器 v5.1 代理,"v3_D2,v3_D3,v3_E4","1.732,2.449,2.462",none,0.0,none,FP32,none,none,GPU,0.0,none,INT8,per-tensor,W-only,GPU,0.0,none,INT8,per-channel,W-only,GPU,0.0,none,INT8,per-channel,W-only,GPU,0.0,none,FP32,none,none,GPU
m5_6_uniad_tiny_0007,uniad_tiny_variant,m5_6_uniad_tiny_pareto,False,533.9599425964436,100.36691914625483,506.5060479716476,496.0715224794306,24.681520993994123,19.49496559740316,TBD: M5.7 抽样实测 + 精度预测器 v5.1 代理,"v3_baseline,v3_D1,v3_E4","1.732,1.732,1.750",none,0.0,none,FP16,per-tensor,W+A,GPU,0.0,none,FP32,none,none,GPU,0.0,none,FP16,per-tensor,W+A,GPU,0.0,none,FP16,per-tensor,W+A,GPU,0.0,none,FP32,none,none,GPU
m5_6_uniad_tiny_0008,uniad_tiny_variant,m5_6_uniad_tiny_pareto,False,536.0566223990518,100.366472663537,508.49453631700896,498.0200303698842,24.778436965469663,19.57151572290856,TBD: M5.7 抽样实测 + 精度预测器 v5.1 代理,"v3_D1,v3_D3,v3_E4","2.000,2.000,2.016",none,0.0,none,FP16,per-channel,W-only,GPU,0.0,none,INT8,per-channel,W+A,GPU,0.0,none,FP32,none,none,GPU,0.0,none,FP16,per-tensor,W+A,GPU,0.0,none,FP32,none,none,GPU
m5_6_uniad_tiny_0009,uniad_tiny_variant,m5_6_uniad_tiny_pareto,False,523.4612155894615,100.3761249677608,496.5490691957062,486.31473825926713,24.196232622411383,19.111655342288515,TBD: M5.7 抽样实测 + 精度预测器 v5.1 代理,"v3_D2,v3_D3,v3_E4","2.000,2.236,2.250",none,0.0,none,FP32,none,none,GPU,0.0,none,INT8,per-tensor,W+A,GPU,0.0,none,FP16,per-tensor,W-only,GPU,0.0,none,INT8,per-channel,W-only,GPU,0.0,none,FP32,none,none,GPU
m5_6_uniad_tiny_0010,uniad_tiny_variant,m5_6_uniad_tiny_pareto,True,519.8224771760698,99.84619955547265,493.09809450808467,482.9331487094605,24.0280372366207,18.978804402493143,TBD: M5.7 抽样实测 + 精度预测器 v5.1 代理,"v3_baseline,v3_E4,v3_E5","2.236,2.250,2.291",none,0.0,none,FP32,none,none,GPU,0.0,none,FP32,none,none,GPU,0.0,none,INT8,per-tensor,W-only,GPU,0.0,none,FP16,per-channel,W+A,GPU,0.0,none,FP32,none,none,GPU
m5_6_uniad_tiny_0011,uniad_tiny_variant,m5_6_uniad_tiny_pareto,False,538.401202905058,100.38937542497561,510.71813336084716,500.19891987417276,24.886811786059596,19.657116743993917,TBD: M5.7 抽样实测 + 精度预测器 v5.1 代理,"v3_D1,v3_D3,v3_E4","1.732,2.236,2.250",none,0.0,none,INT8,per-tensor,W+A,GPU,0.0,none,FP32,none,none,GPU,0.0,none,FP16,per-tensor,W-only,GPU,0.0,none,INT8,per-tensor,W+A,GPU,0.0,none,FP32,none,none,GPU
m5_6_uniad_tiny_0012,uniad_tiny_variant,m5_6_uniad_tiny_pareto,False,533.5517714904066,100.627773,506.118939035768,495.69219673795163,24.66265387884349,19.4800632029813,TBD: M5.7 抽样实测 + 精度预测器 v5.1 代理,"v3_D2,v3_D3,v3_D1","1.414,1.732,2.236",none,0.0,none,FP16,per-channel,W-only,GPU,0.0,none,INT8,per-tensor,W-only,GPU,0.0,none,INT8,per-tensor,W-only,GPU,0.0,none,INT8,per-channel,W+A,GPU,0.0,none,FP32,none,none,GPU
m5_6_uniad_tiny_0013,uniad_tiny_variant,m5_6_uniad_tiny_pareto,False,535.5813460072552,100.62777300000002,508.0437848170721,497.57834165880394,24.75646800617838,19.554163303432528,TBD: M5.7 抽样实测 + 精度预测器 v5.1 代理,"v3_D2,v3_D1,v3_D3","1.414,1.732,1.732",none,0.0,none,FP16,per-channel,W-only,GPU,0.0,none,INT8,per-tensor,W-only,GPU,0.0,none,FP16,per-tensor,W-only,GPU,0.0,none,FP16,per-tensor,W+A,GPU,0.0,none,FP32,none,none,GPU
m5_6_uniad_tiny_0014,uniad_tiny_variant,m5_6_uniad_tiny_pareto,False,536.1787842232148,100.38515705029543,508.6103944291032,498.1335590441233,24.784083717945297,19.57597587126313,TBD: M5.7 抽样实测 + 精度预测器 v5.1 代理,"v3_D2,v3_D1,v3_E4","1.414,1.732,1.750",none,0.0,none,FP16,per-channel,W+A,GPU,0.0,none,FP16,per-channel,W-only,GPU,0.0,none,INT8,per-channel,W-only,GPU,0.0,none,FP16,per-channel,W-only,GPU,0.0,none,FP32,none,none,GPU
m5_6_uniad_tiny_0015,uniad_tiny_variant,m5_6_uniad_tiny_pareto,False,533.4815021836234,100.627773,506.0522957183663,495.62689334801416,24.65940578243729,19.47749765899755,TBD: M5.7 抽样实测 + 精度预测器 v5.1 代理,"v3_D2,v3_D1,v3_D3","1.000,2.000,2.000",none,0.0,none,FP16,per-channel,W+A,GPU,0.0,none,INT8,per-channel,W+A,GPU,0.0,none,INT8,per-tensor,W+A,GPU,0.0,none,FP16,per-channel,W+A,GPU,0.0,none,FP32,none,none,GPU
m5_6_uniad_tiny_0016,uniad_tiny_variant,m5_6_uniad_tiny_pareto,False,521.9423516638476,99.84515699044569,495.1085806621132,484.9032121216554,24.12602534865079,19.05620136978077,TBD: M5.7 抽样实测 + 精度预测器 v5.1 代理,"v3_D3,v3_E4,v3_E5","2.449,2.462,2.500",none,0.0,none,FP32,none,none,GPU,0.0,none,INT8,per-channel,W+A,GPU,0.0,none,FP32,none,none,GPU,0.0,none,INT8,per-channel,W+A,GPU,0.0,none,FP32,none,none,GPU
m5_6_uniad_tiny_0017,uniad_tiny_variant,m5_6_uniad_tiny_pareto,False,533.9459340113608,100.36620348775051,506.4927622481253,496.05850387805236,24.680873467542728,19.494454141650635,TBD: M5.7 抽样实测 + 精度预测器 v5.1 代理,"v3_baseline,v3_D1,v3_E4","2.236,2.236,2.250",none,0.0,none,FP16,per-tensor,W+A,GPU,0.0,none,INT8,per-tensor,W-only,GPU,0.0,none,FP32,none,none,GPU,0.0,none,FP32,none,none,GPU,0.0,none,FP32,none,none,GPU
m5_6_uniad_tiny_0018,uniad_tiny_variant,m5_6_uniad_tiny_pareto,True,526.7322698264722,97.09285815072944,499.65133269786304,489.35462779461176,24.347432342432874,19.23108207214334,TBD: M5.7 抽样实测 + 精度预测器 v5.1 代理,"v3_P1_30,v3_P1_20,v3_P1_40","1.444,1.445,1.456",channel,0.125,FPGM,FP16,per-channel,W+A,GPU,0.15,Taylor,FP16,per-tensor,W-only,GPU,0.375,Taylor,FP32,none,none,GPU,0.2,L1,FP32,none,none,GPU,0.0,L1,FP32,none,none,GPU
m5_6_uniad_tiny_0019,uniad_tiny_variant,m5_6_uniad_tiny_pareto,True,520.0687383974824,98.81035752432489,493.3316483240199,483.16200670315055,24.03942030306712,18.98779544031532,TBD: M5.7 抽样实测 + 精度预测器 v5.1 代理,"v3_baseline,v3_P1_20,v3_P1_30","1.414,1.755,1.783",none,0.0,none,FP32,none,none,GPU,0.0,none,FP16,per-tensor,W-only,GPU,0.0,none,FP32,none,none,GPU,0.0,none,FP16,per-tensor,W+A,GPU,0.0,none,FP32,none,none,GPU
m5_6_uniad_tiny_0020,uniad_tiny_variant,m5_6_uniad_tiny_pareto,False,533.9459340113608,100.36620348775051,506.4927622481253,496.05850387805236,24.680873467542728,19.494454141650635,TBD: M5.7 抽样实测 + 精度预测器 v5.1 代理,"v3_baseline,v3_D1,v3_E4","2.236,2.236,2.250",none,0.0,none,FP16,per-channel,W+A,GPU,0.0,none,FP32,none,none,GPU,0.0,none,INT8,per-channel,W+A,GPU,0.0,none,FP32,none,none,GPU,0.0,none,FP32,none,none,GPU
m5_6_uniad_tiny_0021,uniad_tiny_variant,m5_6_uniad_tiny_pareto,False,533.9459340113608,100.36620348775051,506.4927622481253,496.05850387805236,24.680873467542728,19.494454141650635,TBD: M5.7 抽样实测 + 精度预测器 v5.1 代理,"v3_baseline,v3_D1,v3_E4","2.236,2.236,2.250",none,0.0,none,FP16,per-channel,W+A,GPU,0.0,none,INT8,per-channel,W-only,GPU,0.0,none,FP32,none,none,GPU,0.0,none,FP32,none,none,GPU,0.0,none,FP32,none,none,GPU
m5_6_uniad_tiny_0022,uniad_tiny_variant,m5_6_uniad_tiny_pareto,False,535.6637648692034,99.84619955547265,508.12195075648646,497.65493599744764,24.76027769808445,19.5571724296798,TBD: M5.7 抽样实测 + 精度预测器 v5.1 代理,"v3_D1,v3_E4,v3_E5","2.236,2.250,2.291",none,0.0,none,FP16,per-tensor,W-only,GPU,0.0,none,FP32,none,none,GPU,0.0,none,INT8,per-tensor,W+A,GPU,0.0,none,INT8,per-tensor,W-only,GPU,0.0,none,FP32,none,none,GPU
m5_6_uniad_tiny_0023,uniad_tiny_variant,m5_6_uniad_tiny_pareto,False,533.9599425964436,100.36691914625483,506.5060479716476,496.0715224794306,24.681520993994123,19.49496559740316,TBD: M5.7 抽样实测 + 精度预测器 v5.1 代理,"v3_baseline,v3_D1,v3_E4","1.732,1.732,1.750",none,0.0,none,FP16,per-tensor,W+A,GPU,0.0,none,FP16,per-channel,W-only,GPU,0.0,none,FP16,per-tensor,W-only,GPU,0.0,none,FP32,none,none,GPU,0.0,none,FP32,none,none,GPU
m5_6_uniad_tiny_0024,uniad_tiny_variant,m5_6_uniad_tiny_pareto,False,536.4231315438028,100.37931777245012,508.84213310403345,498.3606383919495,24.7953783171124,19.584897032250442,TBD: M5.7 抽样实测 + 精度预测器 v5.1 代理,"v3_D2,v3_D1,v3_E4","1.732,2.000,2.016",none,0.0,none,FP16,per-channel,W-only,GPU,0.0,none,INT8,per-channel,W+A,GPU,0.0,none,FP16,per-tensor,W-only,GPU,0.0,none,FP32,none,none,GPU,0.0,none,FP32,none,none,GPU
m5_6_uniad_tiny_0025,uniad_tiny_variant,m5_6_uniad_tiny_pareto,False,534.1996070225289,100.62777300000002,506.7333453956393,496.29424987190475,24.69259913318032,19.50371578513959,TBD: M5.7 抽样实测 + 精度预测器 v5.1 代理,"v3_D3,v3_D2,v3_D1","1.414,1.732,2.000",none,0.0,none,FP16,per-tensor,W-only,GPU,0.0,none,INT8,per-channel,W-only,GPU,0.0,none,FP16,per-tensor,W-only,GPU,0.0,none,INT8,per-tensor,W-only,GPU,0.0,none,FP32,none,none,GPU
m5_6_uniad_tiny_0026,uniad_tiny_variant,m5_6_uniad_tiny_pareto,False,536.4231315438028,100.37931777245012,508.84213310403345,498.3606383919495,24.7953783171124,19.584897032250442,TBD: M5.7 抽样实测 + 精度预测器 v5.1 代理,"v3_D2,v3_D1,v3_E4","1.732,2.000,2.016",none,0.0,none,FP16,per-tensor,W+A,GPU,0.0,none,FP16,per-channel,W-only,GPU,0.0,none,INT8,per-channel,W+A,GPU,0.0,none,FP32,none,none,GPU,0.0,none,FP32,none,none,GPU
m5_6_uniad_tiny_0027,uniad_tiny_variant,m5_6_uniad_tiny_pareto,False,537.8988146977871,100.3842951006156,510.2416690510548,499.7320353338054,24.86358962256809,19.638774467661985,TBD: M5.7 抽样实测 + 精度预测器 v5.1 代理,"v3_D1,v3_D3,v3_E4","2.000,2.449,2.462",none,0.0,none,INT8,per-tensor,W-only,GPU,0.0,none,FP32,none,none,GPU,0.0,none,INT8,per-tensor,W+A,GPU,0.0,none,INT8,per-channel,W-only,GPU,0.0,none,FP32,none,none,GPU
m5_6_uniad_tiny_0028,uniad_tiny_variant,m5_6_uniad_tiny_pareto,False,522.9912201481541,99.87607646385902,496.10332614221267,485.8779572950371,24.17450776736832,19.094495731186097,TBD: M5.7 抽样实测 + 精度预测器 v5.1 代理,"v3_D2,v3_E4,v3_E5","2.000,2.250,2.291",none,0.0,none,FP32,none,none,GPU,0.0,none,FP16,per-channel,W-only,GPU,0.0,none,INT8,per-tensor,W+A,GPU,0.0,none,INT8,per-channel,W-only,GPU,0.0,none,FP32,none,none,GPU
m5_6_uniad_tiny_0029,uniad_tiny_variant,m5_6_uniad_tiny_pareto,False,538.2257721721048,100.62777299999999,510.5517550862715,500.03588679350776,24.87870275582538,19.650711738991074,TBD: M5.7 抽样实测 + 精度预测器 v5.1 代理,"v3_D1,v3_D2,v3_D3","1.732,2.000,2.236",none,0.0,none,INT8,per-channel,W+A,GPU,0.0,none,INT8,per-tensor,W+A,GPU,0.0,none,FP16,per-channel,W+A,GPU,0.0,none,FP32,none,none,GPU,0.0,none,FP32,none,none,GPU
m5_6_uniad_tiny_0030,uniad_tiny_variant,m5_6_uniad_tiny_pareto,True,520.0687383974824,98.81035752432489,493.3316483240199,483.16200670315055,24.03942030306712,18.98779544031532,TBD: M5.7 抽样实测 + 精度预测器 v5.1 代理,"v3_baseline,v3_P1_20,v3_P1_30","1.414,1.755,1.783",none,0.0,none,FP32,none,none,GPU,0.0,none,FP16,per-channel,W-only,GPU,0.0,none,FP32,none,none,GPU,0.0,none,FP16,per-channel,W-only,GPU,0.0,none,FP32,none,none,GPU
m5_6_uniad_tiny_0031,uniad_tiny_variant,m5_6_uniad_tiny_pareto,False,533.9459340113608,100.36620348775051,506.4927622481253,496.05850387805236,24.680873467542728,19.494454141650635,TBD: M5.7 抽样实测 + 精度预测器 v5.1 代理,"v3_baseline,v3_D1,v3_E4","2.236,2.236,2.250",none,0.0,none,FP16,per-channel,W-only,GPU,0.0,none,FP32,none,none,GPU,0.0,none,INT8,per-tensor,W+A,GPU,0.0,none,FP32,none,none,GPU,0.0,none,FP32,none,none,GPU
m5_6_uniad_tiny_0032,uniad_tiny_variant,m5_6_uniad_tiny_pareto,False,537.0537964524774,100.40877595009506,509.44025486738894,498.9467343467329,24.8245298843778,19.607922712113833,TBD: M5.7 抽样实测 + 精度预测器 v5.1 代理,"v3_D1,v3_D3,v3_E4","1.732,1.732,2.250",none,0.0,none,INT8,per-tensor,W-only,GPU,0.0,none,FP16,per-tensor,W+A,GPU,0.0,none,FP32,none,none,GPU,0.0,none,INT8,per-tensor,W+A,GPU,0.0,none,FP32,none,none,GPU
